"Vamos tomar o poder, que é diferente de ganhar a eleição"
assim silenciadas e/ou descartadas. O Ocidente os ignora por sua própria conta e risco coletivo. Vamos começar com o discurso do Presidente Putin no Conselho de Legisladores em São Petersburgo, comemorando o Dia do Parlamentarismo Russo.
@ronaldo @acmneto_ Lutaremos por MORO Presidente. Tomara que vocês caiam. Que os brasileiros atentos, tirem vocês do poder. E seremos um Brasil forte, legitimo, composto de gente boa. Vocês nos cansaram, e não os queremos mais. @SF_Moro @o_antagonista @VemPraRua_br @2022_moro
assim silenciadas e/ou descartadas. O Ocidente os ignora por sua própria conta e risco coletivo. Vamos começar com o discurso do Presidente Putin no Conselho de Legisladores em São Petersburgo, comemorando o Dia do Parlamentarismo Russo.
@ronaldo @acmneto_ Lutaremos por MORO Presidente. Tomara que vocês caiam. Que os brasileiros atentos, tirem vocês do poder. E seremos um Brasil forte, legitimo, composto de gente boa. Vocês nos cansaram, e não os queremos mais. @SF_Moro @o_antagonista @VemPraRua_br @2022_moro
Fechado com Bolsonaro e General Braga Neto Até 2026! Bolsonaro Presidente no 1 Turno! O Nordeste Brasileiro Agradece!!!
Conheça seu voto. Conte com o Google para checar se a notícia que você encontrou está atualizada. Busque antes. Informe-se.
 VEJA! PT do Rio acaba de confirmar que NÃO vai apoiar Molon ao Senado nas eleições 2022.
Tip #4 Rightsize your resources. Learn how to realize it ->
 Marçal vende cursos e dá palestras motivacionais. 

Ele, que tem 2 milhões de seguidores só no Instagram, diz que será candidato a presidente.

Veja a entrevista completa: https://cutt.ly/5GYUJls
@ronaldo @acmneto_ Lutaremos por MORO Presidente. Tomara que vocês caiam. Que os brasileiros atentos, tirem vocês do poder. E seremos um Brasil forte, legitimo, composto de gente boa. Vocês nos cansaram, e não os queremos mais. @SF_Moro @o_antagonista @VemPraRua_br @2022_moro
assim silenciadas e/ou descartadas. O Ocidente os ignora por sua própria conta e risco coletivo. Vamos começar com o discurso do Presidente Putin no Conselho de Legisladores em São Petersburgo, comemorando o Dia do Parlamentarismo Russo.
@ronaldo @acmneto_ Lutaremos por MORO Presidente. Tomara que vocês caiam. Que os brasileiros atentos, tirem vocês do poder. E seremos um Brasil forte, legitimo, composto de gente boa. Vocês nos cansaram, e não os queremos mais. @SF_Moro @o_antagonista @VemPraRua_br @2022_moro
Quer dizer que o Presidente do TSE, Min Alexandre de Moraes está cumprindo ordens do coordenador da campanha do ex-presidiário? Esse ministro nao tem a mínima condição p/ exercer o cargo. Eleição sob suspeita, quem faz isso certamente ousará ainda mais.
Mais uma vez a mídia distorce o que falamos!! Tudo isso, porque somos apoiadores do presidente Bolsonaro!
Que  chegue logo o dia das eleiçoes,ta dificil aguentar ver as postagens dessa esquerdalha nojenta...o vale tudo pelo poder!gente sem  carater!sem noçao
Os bandidos continuam rodando o Ceará dizendo: “André já está eleito, vote em mim”. São candidatos que se reuniram e decidiram espalhar essa narrativa em todo o estado com a intenção de tomar meus votos e me tirar do jogo.
Eles estão ganhando MUITO  pra isso! O sistema é bruto!
BRAGA NETTO
"Alinhado aos valores conservadores e ao liberalismo econômico do Presidente Jair Bolsonaro, foi com muita honra e orgulho que recebi a missão de ser candidato a Vice-Presidente, a mais desafiadora e importante dos meus 65 anos de vida."
Comunista, candidato a governador quer diminuir salário de policiais que atirarem com suas armas
O meu voto é de cabresto. Vou votar em quem o Presidente Bolsonaro indicar que devo botar.
Ministério Público investiga o @FlavioBolsonaro desde 2018 e não achou nada, mas 2 repórteres da UOL acharam bem na época de eleição?

O agente da PF que atrapalhou a investigação do próprio órgão para proteger um dos filhos de Bolsonaro, Renan, é o mesmo que atuava como um dos principais seguranças do então candidato a presidente em Juiz de Fora no dia quando houve o episódio da facada ou suposta facada.
Vamos votar em LULA. PRESIDENTE já no primeiro turno e, em seguida, eleger um congresso de esquerda. #LulaEoPTjaNo1ºTurno
Se combinar direitinho todo mundo fica rico na casa de aposta e de quebra Ciro Gomes presidente 
Ninguém muda, assim, de lado de uma eleição pra outra... 
Na Boa? O cara é um empresário, figura querida no Brasil, que gera milhões de empregos para o país, que desperta respeito e carinho por onde anda e que tbm APOIA o presidente Bolsonaro.

VOCÊ acha que esse homem ameaça a democracia do Brasil???

Sim ou Não?
Vamos falar sobre o PIX?
Parabéns presidente @jairbolsonaro e toda a sua equipe econômica pela criação do PIX. 
#BolsonaroNoPrimeiroTurno
#BolsonaroReeleito
#DireitaForte
@gilsonmachadont
Um pouco mais sobre Vera Magalhães e seu contrato confidencial com a TV Cultura em São Paulo. Não nos surpreende os ataques da mesma e de sua claque ao Presidente Jair Bolsonaro.
Choca total de 0 pessoas essa atitude da Laís
Arthur Lira.... aliado do bozo na câmara dos deputados:
Choca total de 0 pessoas essa atitude da Laís
Arthur Lira.... aliado do bozo na câmara dos deputados:
Choca total de 0 pessoas essa atitude da Laís
Arthur Lira.... aliado do bozo na câmara dos deputados:
Choca total de 0 pessoas essa atitude da Laís
Cheguei com um desafio! Encontre a hashtag correta na imagem para abrir as portas de um certo castelo…  Se você não comentar a # que achou nesse tweet, ouvirá minha terrível gargalhada fatal! 
Gravíssimo: após denúncia da PF, membro da Abin admite que agência teve ordens do presidente para interferir em investigação por tráfico de influência sobre Jair Renan Bolsonaro.
O Lula visitou um imóvel e o judiciário investigou até o tablet do neto dele. Já a família bolsonaro comprou 51 imóveis com dinheiro em espécie, mas tá de boa. Nunca foi por corrupção, é luta de classe: ricos privilegiados contra candidatos que ameaçam os privilégios deles.
Quem Ganha eleição pra Presidente?
É sobre isso que o Presidente @jairbolsonaro falou durante o debate.
BBC do Reino Unido anuncia documentário sobre a destruição do Brasil promovida pela família Bolsonaro

O documentário "The Boys From Brazil: Rise Of The Bolsonaros" divida em 3 partes, estreia 5/9 no Canal BBC 2
Ora, ora, ora...
O Brasil segue não surpreendendo ninguém. 
Lembrando que o presidente Bolsonaro havia vetado esse orçamento.
ATENÇÃO: Bolsonaro não conversou hoje com Putin, explica Itamaraty. Ao falar mais cedo, e reafirmar neutralidade, presidente se referia às 2 horas de conversa ao vivo, na visita a Moscou. NÃO HOUVE telefonema neste domingo. Informa Ass.deImprensa do Gab. do ministro Carlos França
Bolsonaro vendeu o Brasil, sua neutralidade, em troca de ajuda em um ataque cibernético para melar as eleições.
E a ironia é que parte da esquerda está passando pano para Putin junto com Bolsonaro.
É muito esclarecedor ouvir o Ciro falando. A pessoa nem precisa votar no Ciro. Mas aprender é fundamental para a pessoa cobrar seu candidato. Ciro é essencial para o amadurecimento político do povo Brasileiro.
Bolsonaro vendeu o Brasil, sua neutralidade, em troca de ajuda em um ataque cibernético para melar as eleições.
E a ironia é que parte da esquerda está passando pano para Putin junto com Bolsonaro.
É muito esclarecedor ouvir o Ciro falando. A pessoa nem precisa votar no Ciro. Mas aprender é fundamental para a pessoa cobrar seu candidato. Ciro é essencial para o amadurecimento político do povo Brasileiro.
Bolsonaro vendeu o Brasil, sua neutralidade, em troca de ajuda em um ataque cibernético para melar as eleições.
E a ironia é que parte da esquerda está passando pano para Putin junto com Bolsonaro.
Jamil Chade, repórter internacional, confirma que NÃO HOUVE telefonema de Bolsonaro e Putin.

Bolsonaro MENTIU que tinha conversado por DUAS HORAS com o presidente da Rússia.
No time to get ready for your meeting? Use xpression camera to be dressed for all occasions.
No momento mais importante do século o Brasil entra pra história como um pária covarde, por culpa de seu presidente

Relativizar o que acontece na Ucrânia é uma vergonha sem tamanho

Parafraseando Churchill:

Entre a desonra e o isolamento, escolheu a desonra e terá o isolamento!
Donald Trump, no hoje no CPAC:                                        
— “Sob Bush, a Rússia invadiu a Geórgia. Sob Obama, a Rússia tomou a Crimeia. Sob Biden, a Rússia invadiu a Ucrânia.”

“Sou o único presidente do século XXI sob o qual a Rússia não invadiu outro país.”
Em quem você votaria para Presidente hoje?
É muito esclarecedor ouvir o Ciro falando. A pessoa nem precisa votar no Ciro. Mas aprender é fundamental para a pessoa cobrar seu candidato. Ciro é essencial para o amadurecimento político do povo Brasileiro.
Bolsonaro vendeu o Brasil, sua neutralidade, em troca de ajuda em um ataque cibernético para melar as eleições.
E a ironia é que parte da esquerda está passando pano para Putin junto com Bolsonaro.
É muito esclarecedor ouvir o Ciro falando. A pessoa nem precisa votar no Ciro. Mas aprender é fundamental para a pessoa cobrar seu candidato. Ciro é essencial para o amadurecimento político do povo Brasileiro.
eu a ver as eleições
30/01/2022 - ícaro sabia sim qual era o problema pessoal do sapatênis e citou isso pra ser maldoso 

o presidente postou vídeo comendo igual um pombo e internautas avisam para não dar palco para o presidente

a positividade tóxica do lin manuel miranda de baixo orçamento do BBB
Obrigada a todos os envolvidos na eleição do @ruitavares  O parlamento ficou mais rico e o @LIVREpt tem representação na AR! #Legislativas2022 #Eleicoes2022
30/01/2022 - ícaro sabia sim qual era o problema pessoal do sapatênis e citou isso pra ser maldoso 

o presidente postou vídeo comendo igual um pombo e internautas avisam para não dar palco para o presidente

a positividade tóxica do lin manuel miranda de baixo orçamento do BBB
Obrigada a todos os envolvidos na eleição do @ruitavares  O parlamento ficou mais rico e o @LIVREpt tem representação na AR! #Legislativas2022 #Eleicoes2022
30/01/2022 - ícaro sabia sim qual era o problema pessoal do sapatênis e citou isso pra ser maldoso 

o presidente postou vídeo comendo igual um pombo e internautas avisam para não dar palco para o presidente

a positividade tóxica do lin manuel miranda de baixo orçamento do BBB
O Burguer King é do globalista Lehmann mas essa propaganda desperta sobre NÃO VOTAR NULO.

Passe pros seus amigos isentôes, que não gostam de política ou não gostam do Presidente porque ele fala palavrão.

Nunca foi tão fácil escolher BOLSONARO 2022

VOTE 22
Que a nova #ChevroletMontana vem aí, já tá todo mundo falando. Agora fique ligado em nossas redes, pra descobrir todas a novidades em design, conforto e tecnologias que ela traz pra você e sua família.
“A propaganda é de um presidente simples que derruba farofa de frango na roupa. Tudo isso no dia em que são revelados os gastos do cartão corporativo e se apura que ele gastou R$ 822 mil por mês desde o início do mandato. Bolsonaro é uma fraude”.
Primeiro-ministro socialista vence eleições em Portugal. A abstenção na eleição chilena foi de 53%, agora a abstenção em Portugal é uma das mais altas na Europa, 49%. Não ir votar deixa margem para os ratos tomarem conta! https://fleekus.com/b/julio-schneider/article/primeiro-ministro-socialista-vence-eleicoes-em-portugal-gaofr… via @vuejs
Uma das maiores vitórias da noite: a eleição de @ruitavares pelo @LIVREpt 
Obrigada a todos os envolvidos na eleição do @ruitavares  O parlamento ficou mais rico e o @LIVREpt tem representação na AR! #Legislativas2022 #Eleicoes2022
30/01/2022 - ícaro sabia sim qual era o problema pessoal do sapatênis e citou isso pra ser maldoso 

o presidente postou vídeo comendo igual um pombo e internautas avisam para não dar palco para o presidente

a positividade tóxica do lin manuel miranda de baixo orçamento do BBB
Obrigada a todos os envolvidos na eleição do @ruitavares  O parlamento ficou mais rico e o @LIVREpt tem representação na AR! #Legislativas2022 #Eleicoes2022
meu presidente é lindo e fofo e o de vcs? @cirogomes
Você é bem rasa feito um pires. O Tarcísio de Freitas esse não é contra SP não? Eu acho que vocês são frustrados por não terem conseguido o que queriam. O desejo de vocês era tornar o PT um partido morto na política e isso deu errado (assim como o plano do Moro ser presidente)
Bora se levantar Turma Boa. Vamos levar a mensagem de Ciro para os 4 cantos desse enorme Brasil. A esperança de um Brasil melhor e Ciro vamos para o segundo turno com muito otimismo e muita alegria pois temos um Presidente que se preocupa com o país. Vamos com Ciro.
Você é bem rasa feito um pires. O Tarcísio de Freitas esse não é contra SP não? Eu acho que vocês são frustrados por não terem conseguido o que queriam. O desejo de vocês era tornar o PT um partido morto na política e isso deu errado (assim como o plano do Moro ser presidente)
Bora se levantar Turma Boa. Vamos levar a mensagem de Ciro para os 4 cantos desse enorme Brasil. A esperança de um Brasil melhor e Ciro vamos para o segundo turno com muito otimismo e muita alegria pois temos um Presidente que se preocupa com o país. Vamos com Ciro.
-Menino fardado de PM
-Homenageia Presidente Bolsonaro
-Cita versículo bíblico
-Canta hino nacional
Tem como irritar mais a esquerda?

*Vídeo: Republicanos lança candidatura @tarcisiogdf governador SP + apoio ao PR @jairbolsonaro
Cheguei com um desafio! Encontre a hashtag correta na imagem para abrir as portas de um certo castelo…  Se você não comentar a # que achou nesse tweet, ouvirá minha terrível gargalhada fatal! 
 DIREITA FORTE E A LIVE DO PRESIDENTE 06

Melhores momentos

Fala presidente! Da novidade para o Nordeste em relação a energia eólica. Região tão esquecida por décadas, renasce das cinzas, literalmente.

#DireitaForte
#BolsonaroReeleito2022
#capitaodopovo
No time to get ready for your meeting? Use xpression camera to be dressed for all occasions.
Alguem me diz que é mentira que o Roberto Jefferson vem candidato à presidência ?
Bora se levantar Turma Boa. Vamos levar a mensagem de Ciro para os 4 cantos desse enorme Brasil. A esperança de um Brasil melhor e Ciro vamos para o segundo turno com muito otimismo e muita alegria pois temos um Presidente que se preocupa com o país. Vamos com Ciro.
Você é bem rasa feito um pires. O Tarcísio de Freitas esse não é contra SP não? Eu acho que vocês são frustrados por não terem conseguido o que queriam. O desejo de vocês era tornar o PT um partido morto na política e isso deu errado (assim como o plano do Moro ser presidente)
Bora se levantar Turma Boa. Vamos levar a mensagem de Ciro para os 4 cantos desse enorme Brasil. A esperança de um Brasil melhor e Ciro vamos para o segundo turno com muito otimismo e muita alegria pois temos um Presidente que se preocupa com o país. Vamos com Ciro.
Então o "orçamento secreto" é votado pelo Congresso e é impositivo...obrigando o Presidente a pagá-lo, pois é constitucional?
Petrobras: novo presidente não comparece em reunião do Conselho
Presidente disse que irá sugerir ao ministro da Economia, Paulo Guedes, que os rótulos de alimentos informem o preço de fábrica na embalagem, permitindo aos consumidores a comparação com o preço de venda
Petrobras: novo presidente não comparece em reunião do Conselho
Presidente disse que irá sugerir ao ministro da Economia, Paulo Guedes, que os rótulos de alimentos informem o preço de fábrica na embalagem, permitindo aos consumidores a comparação com o preço de venda
Petrobras: novo presidente não comparece em reunião do Conselho
A PEC do fim do mundo, que dá  plenos poderes ao Hitler  Tupiniquim, será  votada amanhã  às  16h, mobilização  nos perfis oficiais  dos senadores, isso é  um escárnio  faltando 3 meses para as eleições
#PEC16NAO
Iran sentenced two gay rights activists to death after arresting them and denying them legal representation.

Report by @BenWeinthal
Urgente:
Se aprovarem a PEC 16, vão dar o golpe nas eleições!
Alguma relação com as eleições?
Com ajuda do parlamento, Bolsonaro está tentando "legalizar" a compra de votos às vésperas da eleição. Mas só ele pode comprar #PEC16NAO
Presidente disse que irá sugerir ao ministro da Economia, Paulo Guedes, que os rótulos de alimentos informem o preço de fábrica na embalagem, permitindo aos consumidores a comparação com o preço de venda
Petrobras: novo presidente não comparece em reunião do Conselho
Presidente disse que irá sugerir ao ministro da Economia, Paulo Guedes, que os rótulos de alimentos informem o preço de fábrica na embalagem, permitindo aos consumidores a comparação com o preço de venda
Vamos aumentar essa margem gente, bora lá ajudar o nosso Presidente.

Cliquem no link e votem.

#BolsonaroReeleitoNoPrimeiroTurno
https://eleicoesaovivo.com.br/novaenquete?l=brasil#.YpVEw2f8BJg.twitter…
Tip #5 Ditch DBaaS for Kubernetes. Learn how to realize it ->
Essa fixação no candidato tem nome, né?! "Amor". Tá doido pra votar no  também mas não tá sabendo dizer né?!
Tip #5 Ditch DBaaS for Kubernetes. Learn how to realize it ->
Essa fixação no candidato tem nome, né?! "Amor". Tá doido pra votar no  também mas não tá sabendo dizer né?!
Tip #5 Ditch DBaaS for Kubernetes. Learn how to realize it ->
L DE LUDMILLA PRA NOVA PRESIDENTE DO BR
Que a nova #ChevroletMontana vem aí, já tá todo mundo falando. Agora fique ligado em nossas redes, pra descobrir todas a novidades em design, conforto e tecnologias que ela traz pra você e sua família.
“Bolsonaro (PL) tem participado ativamente da solução de problemas que governadores não ajudam a evitar, embora tenham verba para isso. O restante é choradeira de quem tem medo do prestígio do presidente”
Augusto Nunes.
Falta fertilizantes no Peru, o que vai aumentar a fome no País e o preço dos alimentos. No BRASIL não!

Como é bom ter um Presidente, patriota, honesto e macho pra caralho!
A deputada professora Dorinha, DEM-TO,  votou para derrubar o veto do presidente Bolsonaro ao Fundão Eleitoral de R$ 5.7 bilhões. 
A deputada, que é pré-candidata ao Senado, terá muita dificuldade em se eleger quando a população souber como ele votou.
#FaxinaGeralNaCamara
Essa fixação no candidato tem nome, né?! "Amor". Tá doido pra votar no  também mas não tá sabendo dizer né?!
Tip #5 Ditch DBaaS for Kubernetes. Learn how to realize it ->
Essa fixação no candidato tem nome, né?! "Amor". Tá doido pra votar no  também mas não tá sabendo dizer né?!
Moro perdeu mais uma para Presidente Bolsonaro. Engole o choro marreco!! 
Eleições 2022: Eduardo Leite diz que PSDB não pode se acorrentar às prévias e nega ter Aécio como guia
Pode tirar a vontade e não se preocupar em ir votar se não quiser

Mesmo com o título, o voto aos 16 e 17 é facultativo
Não precisa de justificativa caso não vote

Eu sofri um acidente no dia das eleições quando tinha 16, mesmo querendo não consegui votar
Eleições 2022: Eduardo Leite diz que PSDB não pode se acorrentar às prévias e nega ter Aécio como guia
Pode tirar a vontade e não se preocupar em ir votar se não quiser

Mesmo com o título, o voto aos 16 e 17 é facultativo
Não precisa de justificativa caso não vote

Eu sofri um acidente no dia das eleições quando tinha 16, mesmo querendo não consegui votar
Eleições 2022: Eduardo Leite diz que PSDB não pode se acorrentar às prévias e nega ter Aécio como guia
No discurso de posse, Arthur Lira disse que o protagonista da Câmara é o plenário, não o presidente.
Então, Lira, faça o plenário decidir sobre Silveira.
Que a nova #ChevroletMontana vem aí, já tá todo mundo falando. Agora fique ligado em nossas redes, pra descobrir todas a novidades em design, conforto e tecnologias que ela traz pra você e sua família.
Meu candidato na UERJ dando um show!!!!
Mais uma vez, o PIAUÍ recebeu o nosso presidente @jairbolsonaro . Nosso estado agora é prioridade do governo federal e pode se orgulhar de ter a primeira fazenda 5G do país. O agro não para e nem Jair Bolsonaro! 
Imagine se Bolsonaro aparecesse em primeiro lugar nas pesquisas ! Isto aconteceu no baixão do Ribeira, no Piauí , na inauguração da Tecnologia 5. Vamos em frente Presidente Bolsonaro, o povo já o elegeu ! 
Pode tirar a vontade e não se preocupar em ir votar se não quiser

Mesmo com o título, o voto aos 16 e 17 é facultativo
Não precisa de justificativa caso não vote

Eu sofri um acidente no dia das eleições quando tinha 16, mesmo querendo não consegui votar
Eleições 2022: Eduardo Leite diz que PSDB não pode se acorrentar às prévias e nega ter Aécio como guia
Pode tirar a vontade e não se preocupar em ir votar se não quiser

Mesmo com o título, o voto aos 16 e 17 é facultativo
Não precisa de justificativa caso não vote

Eu sofri um acidente no dia das eleições quando tinha 16, mesmo querendo não consegui votar
Lula vai ganhar a eleição. Se não for no 1º turno, será no 2º.

Mas você, que não pretende votar nele no 1º turno, está disposto a dar mais 28 dias de campanha suja, tempo paritário de TV e sobrevida ao Genocida?

Eu não.
O cinismo do Kalil foi totalmente desmascarado nessa eleição! Fora Kalil
Eduardo Bolsonaro chama brasileiros armados para serem voluntários de Jair Bolsonaro. "Você comprou arma legal? Tem clube de tiro ou frequenta algum? Então você tem que se transformar num voluntário de Bolsonaro. Peça ao seu candidato adesivos e santinhos do presidente", postou.
E O DIREITO DE PROPRIEDADE? João Pedro Stedile, líder do MST, sinalizou para o retorno das invasões de terras caso o ex-presidiário Lula ganhe as eleições. Se o PT retornar ao poder o que vai acontecer é vandalismo, baderna e confusão generalizada.
A fake news de André Janones sobre o piso da enfermagem já entrou na mira do inquérito das fake news? Ele acabou de afirmar que o Presidente da República está por trás da decisão de um ministro da Suprema Corte. Vergonhoso para a democracia…
Desde janeiro de 2019 que Barroso, Fachin e Alexandre forçam Bolsonaro a acionar o Art 142, para depois acusá-lo de golpe. Estão agindo deliberadamente para provocar a ira do presidente. Querem estragar o bi centenário da independência. Como são previsíveis!!
O saudoso Brizola diria isso do candidato do seu partido:
Mais um Vídeo de Campanha do Nosso Presidente Bolsonaro!!!
Lindo demais!!!

voltando do trabalho trombei o boulos panfletando na região do butantã, mesmo sendo uma figura popular entre a esquerda da internet ele decidiu fazer sua campanha entregando panfleto e conversando com um por um que passava na rua. 

ele merece muito ser o mais votado das eleições
"Bolsonaro Presidente é uma questão de segurança nacional."

BALBOA, Rafael 2022
Ontem, ela defendeu a 'liberdade de expressão" do ex-presidiário ao chamar o presidente de "genocida" e "miliciano".
Nunca ficou tão evidente a PARCIALIDADE da "justiça" brasileira.
Divulguem, quem é o cara que pediu ao boca de veludo, para cancelar o piso salarial dos enfermeiros.
Fernando Pigatto. Presidente do CNS, Conselho Nacional de Saúde e a quem ele defende.
Torcedor do Flamengo, presidente de time da Série D ironiza atuação de Diego Ribas contra o Ceará.

Aldeone Abrantes, dirigente do Sousa, compara "intensidade" do camisa 10 rubro-negro com a da 4ª do Brasileirão e diz que jogador não teria vaga no clube paraibano.

 ge
 Para o presidente argentino, a inflação de 60% e a grave crise econômica são provocadas pelos idosos, que insistem em continuar vivos.
Em encontro com presidente da Bolívia, Lula se compromete a apoiar a entrada do país no Mercosul http://glo.bo/3KPe0su
Ano que vem o Presidente Bolsonaro indicará mais dois ministros para o "aqueleTF".
Deve ser um dos motivos de meterem tanta bronca, como nunca visto antes, pra cima do Capitão do Povo! Amargura, raiv@, frustração!
O que o @TSEjusbr está esperando para agir? O ministro prometeu ser enérgico.
Ano que vem o Presidente Bolsonaro indicará mais dois ministros para o "aqueleTF".
Deve ser um dos motivos de meterem tanta bronca, como nunca visto antes, pra cima do Capitão do Povo! Amargura, raiv@, frustração!
O que o @TSEjusbr está esperando para agir? O ministro prometeu ser enérgico.
Ano que vem o Presidente Bolsonaro indicará mais dois ministros para o "aqueleTF".
Deve ser um dos motivos de meterem tanta bronca, como nunca visto antes, pra cima do Capitão do Povo! Amargura, raiv@, frustração!
O que o @TSEjusbr está esperando para agir? O ministro prometeu ser enérgico.
Que a nova #ChevroletMontana vem aí, já tá todo mundo falando. Agora fique ligado em nossas redes, pra descobrir todas a novidades em design, conforto e tecnologias que ela traz pra você e sua família.
Nunca veremos um Presidente como Jair Bolsonaro.

Eu já votei em Ciro, mas ele virou uma figura triste. Ressentido. Violento. Não será presidente e não tem nem a humildade e nem a generosidade que tanto exige de Lula. Se acha superior a todos. Não está à altura que o cargo exige. Que fim triste de carreira.
Nunca, em mais de 60 anos, elogiei um presidente. 
Vivi pra ver Bolsonaro. 
Para ver um homem com ideal resgatar o amor ao país, à Deus, aos verdadeiros valores de família. 
Um homem que, falando a voz do povo, trouxe consigo, de volta, o orgulho de ser brasileiro.
Quem esta por trás da decisão do STF em suspender o piso salarial da enfermagem: O presidente do Conselho Nacional de Saúde: Fernando Pigatto (PT)
É de ter orgulho do candidato a presidência preparado como o Ciro Gomes #CiroNoPanico
Quem pediu a suspensão do aumento do piso dos enfermeiros foi Fernando Pigato, filiado desde 1986 ao partido dos trabalhadores. É presidente do Conselho Nacional de Saúde. Ele não tem formação na área de saúde, mas em gestão ambiental. É assim que os petistas lidam com a saúde.
